JobNumber,Dimension,npara,ntrain,FeatureType,Activation,ValLoss,R2_Sfal,R2_Pxa,R2_Sffb,R2_PXFCR,R2_Fb,Mean_R2
25013102,2D,NaN,500000,ftc_twithreciGIF,tanh01,1e-05,0.999710288545329,0.999538678936469,0.999482881516107,0.999639208926496,0.999930073661,0.99966022631708
25013104,2D,NaN,500000,ftc_twithreciGIF,relu,1e-05,0.999796762868013,0.999609348803225,0.999713399853011,0.99970778100137,0.999953132421337,0.999756084989391
25013106,2D,NaN,500000,ftb_catonlytGIF,tanh01,1e-05,0.999663424172187,0.999529667218372,0.999558593099396,0.999576826063215,0.999928362039998,0.999651374518634
25013108,2D,NaN,500000,ftb_catonlytGIF,relu,1e-05,0.999800047964116,0.999611140458919,0.999672833769869,0.999677148402759,0.999945047138442,0.999741243546821
25020302,2D,NaN,500000,fta_noFE,relu,2e-05,0.999378601929047,0.998371770247899,0.999071985934056,0.99902908982794,0.999814555878398,0.999133200763468
25020303,2D,NaN,500000,ftd_fullreci,relu,2e-05,0.999536892679791,0.999108206187548,0.999238943309782,0.999268420773114,0.999902528741832,0.999410998338413
25020304,2D,NaN,500000,fta_noFE,tanh01,2e-05,0.999497509181861,0.998980086151347,0.999306640578181,0.999529997505099,0.999887103019677,0.999440267287233
25020305,2D,NaN,500000,ftd_fullreci,tanh01,2e-05,0.999350711084145,0.998988654317023,0.9990812835258,0.999126465395266,0.9998642183479,0.999282266534027
